Developer_ID,Date,Hours_Coding,AI_Usage_Hours,Lines_of_Code,Commits,Bugs_Reported,Sleep_Hours,Distractions,Cognitive_Load,Stress_Level,Task_Success
DEV-126,2026-01-12,4.5,3.8,638,5,4,6,3,6,6,0
DEV-155,2026-01-12,2.7,3.5,438,0,4,3,8,8,8,0
DEV-199,2026-02-03,7.9,2.0,680,4,3,8,2,2,2,1
DEV-180,2026-01-13,3.1,7.9,765,1,5,8,4,3,5,0
DEV-144,2026-03-29,5.9,2.7,495,3,8,5,7,9,9,0
DEV-134,2026-02-21,7.6,1.2,429,5,1,8,1,4,2,1
DEV-134,2026-03-29,5.0,1.9,534,2,3,8,2,3,5,1
DEV-196,2026-03-05,5.4,2.7,669,5,2,7,3,5,4,1
DEV-134,2026-01-02,5.4,3.5,585,6,4,7,3,5,5,1
DEV-133,2026-01-28,2.1,1.8,243,2,4,5,9,9,10,0
DEV-111,2026-04-01,5.7,1.4,403,3,2,8,1,4,3,1
DEV-159,2026-04-23,4.7,7.1,1005,1,5,7,3,6,6,0
DEV-129,2026-01-09,5.5,1.7,519,3,7,5,7,8,8,0
DEV-188,2026-03-26,3.5,5.3,710,0,4,8,2,5,4,1
DEV-180,2026-03-25,7.7,1.1,570,5,2,7,1,2,4,1
DEV-107,2026-03-04,4.3,5.0,665,1,2,6,3,7,5,1
DEV-177,2026-02-05,5.8,1.8,546,2,9,3,6,9,9,0
DEV-111,2026-01-09,4.6,7.4,1312,2,8,8,4,3,6,0
DEV-184,2026-03-19,7.3,1.4,415,3,3,9,2,2,2,1
DEV-176,2026-02-22,5.1,3.5,524,4,2,7,5,7,6,1
DEV-170,2026-02-07,3.2,7.2,1097,5,6,7,5,3,5,0
DEV-185,2026-02-20,5.3,2.8,447,2,1,7,2,3,4,1
DEV-148,2026-01-24,3.8,1.8,323,1,2,4,7,8,9,0
DEV-165,2026-02-01,3.9,5.4,1005,2,4,8,4,7,3,0
DEV-112,2026-04-03,5.4,1.1,346,6,0,8,1,3,3,1
DEV-108,2026-01-04,5.1,2.5,563,2,1,6,4,4,5,1
DEV-122,2026-04-19,3.7,7.1,1153,2,7,8,3,5,6,0
DEV-131,2026-01-27,3.1,5.1,852,1,5,7,4,6,3,0
DEV-114,2026-04-26,3.7,2.4,418,1,4,4,10,8,10,0
DEV-151,2026-04-24,4.2,4.1,518,1,2,6,3,4,5,1
DEV-117,2026-01-18,5.3,1.9,448,4,2,9,2,3,4,1
DEV-145,2026-01-22,3.9,5.3,790,1,2,6,2,5,4,1
DEV-167,2026-01-01,3.2,6.0,991,4,4,7,5,7,4,0
DEV-117,2026-03-18,6.0,1.2,467,3,2,7,1,4,5,1
DEV-177,2026-03-02,4.8,3.2,538,0,9,4,7,8,10,0
DEV-187,2026-01-11,5.9,1.0,358,2,1,7,0,3,3,1
DEV-133,2026-03-01,3.7,5.2,907,0,4,6,4,6,4,0
DEV-184,2026-04-29,4.4,7.2,820,6,2,7,2,4,6,1
DEV-142,2026-02-06,2.2,2.6,515,0,3,5,6,7,8,0
DEV-190,2026-01-30,4.2,5.8,648,5,1,7,5,4,5,1
DEV-151,2026-03-09,6.4,2.3,440,6,2,7,6,5,7,0
DEV-155,2026-01-22,5.4,4.1,520,4,2,8,2,4,7,1
DEV-198,2026-01-13,3.5,5.1,612,3,3,8,3,3,6,1
DEV-124,2026-03-28,2.4,2.1,390,0,5,4,7,8,8,0
DEV-189,2026-04-25,6.4,2.0,372,5,0,6,6,6,6,1
DEV-179,2026-02-05,7.8,1.4,350,7,2,7,0,4,5,1
DEV-127,2026-03-20,2.1,3.1,377,0,2,4,7,8,8,0
DEV-101,2026-04-15,3.1,6.1,1050,2,3,6,2,3,5,1
DEV-100,2026-04-23,3.0,1.0,186,0,2,5,5,8,8,0
DEV-150,2026-04-14,6.8,2.9,740,4,3,8,5,6,4,1
DEV-135,2026-02-26,2.1,3.4,369,0,5,4,7,7,9,0
DEV-100,2026-04-30,5.1,3.1,539,7,2,7,3,4,5,1
DEV-157,2026-03-10,3.3,6.3,826,4,1,7,2,4,6,1
DEV-119,2026-01-16,5.4,1.7,542,5,3,3,9,10,9,0
DEV-108,2026-02-21,2.3,3.8,589,0,9,4,8,7,9,0
DEV-119,2026-03-03,6.2,3.1,658,3,3,7,0,5,3,1
DEV-104,2026-02-17,2.5,3.5,506,0,8,5,6,8,8,0
DEV-107,2026-04-24,5.9,2.3,439,4,2,8,2,4,4,1
DEV-196,2026-04-17,3.4,6.6,692,3,1,8,2,3,4,1
DEV-154,2026-02-03,6.5,2.5,644,7,1,7,3,7,5,1
DEV-170,2026-01-04,4.3,7.5,880,3,5,7,4,4,3,0
DEV-129,2026-04-28,6.1,3.4,741,4,1,7,0,4,2,1
DEV-146,2026-03-06,5.2,2.0,433,6,1,7,2,4,5,1
DEV-126,2026-02-15,7.0,3.3,696,4,3,7,2,3,2,1
DEV-197,2026-03-13,3.3,7.4,902,1,3,7,3,6,4,1
DEV-158,2026-04-06,4.3,1.5,319,0,1,3,10,8,9,0
DEV-152,2026-02-06,5.4,4.0,834,3,13,5,8,8,8,0
DEV-156,2026-04-30,2.8,2.0,409,1,8,5,6,8,9,0
DEV-176,2026-03-05,5.7,3.5,464,2,7,3,7,9,7,0
DEV-121,2026-01-24,5.7,3.1,670,0,8,5,5,8,7,0
DEV-129,2026-04-12,5.8,0.7,233,4,3,5,7,7,10,0
DEV-109,2026-02-09,5.1,2.4,610,2,4,8,1,5,5,1
DEV-177,2026-03-21,4.0,2.8,476,6,2,6,2,6,5,1
DEV-196,2026-03-21,4.8,7.5,809,2,3,8,2,5,6,1
DEV-177,2026-04-22,6.4,2.4,555,5,1,7,3,2,2,1
DEV-181,2026-02-03,7.4,1.2,351,6,0,9,2,5,5,1
DEV-168,2026-02-02,4.1,7.9,1090,6,2,6,4,6,6,1
DEV-131,2026-01-07,4.1,3.0,491,4,3,4,8,7,8,0
DEV-168,2026-04-28,2.7,2.3,488,0,2,4,9,9,8,0
DEV-139,2026-01-29,4.4,6.4,874,5,2,7,5,5,4,1
DEV-185,2026-02-28,5.5,3.7,561,4,4,7,2,5,5,0
DEV-190,2026-01-01,4.2,5.7,927,2,3,8,3,3,3,1
DEV-141,2026-04-19,3.8,5.7,975,4,3,8,3,3,6,1
DEV-148,2026-02-14,6.4,4.1,863,6,1,6,6,5,6,1
DEV-133,2026-04-22,8.0,1.4,570,7,2,8,2,4,4,1
DEV-169,2026-03-20,4.7,0.8,202,0,2,3,6,10,7,0
DEV-147,2026-02-25,4.7,5.5,739,4,3,7,2,3,3,1
DEV-187,2026-02-02,4.8,3.4,647,6,1,8,6,7,6,1
DEV-136,2026-03-24,5.9,1.8,327,4,0,7,1,3,3,1
DEV-148,2026-03-01,4.6,3.4,638,2,3,8,5,6,6,0
DEV-152,2026-03-30,4.5,2.9,570,3,3,7,3,4,4,1
DEV-103,2026-03-07,7.2,2.6,724,3,4,8,3,3,4,1
DEV-113,2026-02-08,4.7,4.8,679,4,2,6,4,4,4,1
DEV-155,2026-02-19,5.1,2.9,487,2,3,6,2,6,4,1
DEV-111,2026-01-05,5.9,2.8,741,3,3,7,5,5,4,0
DEV-147,2026-01-11,6.5,2.3,674,4,5,6,6,4,4,0
DEV-185,2026-03-27,4.7,2.5,570,1,3,6,4,5,7,0
DEV-155,2026-03-06,3.7,3.0,363,0,2,4,7,7,10,0
DEV-134,2026-03-08,4.1,5.9,1001,3,5,6,2,6,6,0
DEV-192,2026-04-19,4.7,6.2,1043,3,4,7,2,5,4,0
DEV-125,2026-01-02,4.2,6.3,800,2,4,6,3,6,6,0
DEV-184,2026-05-01,4.8,7.2,1344,3,7,7,4,6,4,0
DEV-153,2026-04-26,2.3,1.8,384,0,7,5,5,8,7,0
DEV-186,2026-02-28,5.6,2.4,555,7,2,8,0,2,5,1
DEV-107,2026-03-14,7.8,1.5,593,6,1,9,1,3,4,1
DEV-171,2026-01-24,4.3,5.7,786,1,3,7,3,6,3,1
DEV-132,2026-02-27,2.8,1.8,320,0,3,3,6,10,7,0
DEV-132,2026-02-06,5.6,3.1,519,2,1,8,5,4,6,1
DEV-151,2026-03-23,6.6,2.7,435,8,0,7,3,5,3,1
DEV-182,2026-03-10,5.9,1.0,278,1,2,5,9,8,7,0
DEV-121,2026-03-17,3.5,7.3,1099,2,2,8,3,4,5,1
DEV-169,2026-03-16,5.2,2.3,547,0,10,3,8,9,9,0
DEV-130,2026-02-20,6.4,2.3,432,7,2,9,0,3,3,1
DEV-167,2026-02-21,4.4,2.9,577,6,2,8,5,5,6,1
DEV-117,2026-04-30,5.9,4.7,924,4,2,6,4,6,4,1
DEV-186,2026-04-04,4.4,3.2,629,4,4,7,4,6,6,0
DEV-157,2026-03-24,4.4,6.8,926,4,6,8,3,7,3,0
DEV-177,2026-04-17,3.8,5.9,947,1,4,6,4,5,3,0
DEV-148,2026-04-02,7.0,2.5,687,3,4,9,1,5,5,1
DEV-146,2026-01-01,6.6,4.8,695,3,3,6,5,7,4,0
DEV-193,2026-03-20,4.5,2.7,518,0,4,3,8,10,7,0
DEV-128,2026-01-10,4.8,2.0,336,1,2,5,6,10,9,0
DEV-171,2026-02-23,7.7,2.9,662,5,4,9,2,4,3,1
DEV-172,2026-02-14,4.3,6.9,969,1,11,6,5,7,4,0
DEV-152,2026-04-15,6.2,2.1,385,3,0,6,4,6,5,1
DEV-173,2026-01-05,2.7,1.6,280,2,4,5,9,10,10,0
DEV-181,2026-03-30,5.1,2.7,610,5,1,8,2,5,3,1
DEV-151,2026-02-27,6.6,4.7,786,8,3,6,3,7,7,0
DEV-166,2026-02-26,4.6,1.8,324,0,6,3,9,7,9,0
DEV-163,2026-01-19,6.0,2.1,628,6,3,8,0,2,4,1
DEV-182,2026-03-11,6.1,1.6,417,6,1,8,0,5,3,1
DEV-151,2026-02-25,4.2,3.4,607,1,4,6,5,5,6,0
DEV-103,2026-01-06,4.9,5.6,730,2,2,7,2,5,3,1
DEV-189,2026-01-25,6.6,2.2,455,3,3,7,4,7,5,0
DEV-112,2026-04-11,4.6,3.9,825,2,11,3,5,10,8,0
DEV-116,2026-01-14,5.0,1.3,254,5,0,7,3,3,5,1
DEV-159,2026-03-09,6.8,4.2,749,5,2,6,4,7,4,1
DEV-131,2026-01-29,4.8,1.0,307,1,2,4,5,9,10,0
DEV-165,2026-03-05,4.1,0.7,179,2,1,3,10,9,8,0
DEV-180,2026-01-15,5.3,3.3,590,5,4,9,0,2,5,1
DEV-138,2026-04-27,5.3,1.9,382,5,0,8,1,2,3,1
DEV-182,2026-01-01,4.1,4.9,687,2,4,6,3,7,5,0
DEV-160,2026-01-21,5.3,3.9,637,3,4,6,4,4,5,0
DEV-105,2026-01-26,6.0,4.7,644,3,4,8,3,6,7,0
DEV-173,2026-03-25,6.8,3.0,502,8,1,8,4,4,5,1
DEV-125,2026-01-04,6.1,2.4,685,5,2,7,5,6,4,1
DEV-110,2026-03-18,6.9,4.2,658,4,4,7,5,5,5,0
DEV-151,2026-04-16,4.6,6.2,1181,1,9,6,5,4,3,0
DEV-191,2026-03-11,5.9,3.7,488,2,2,6,2,4,6,1
DEV-117,2026-05-01,6.7,4.2,795,5,5,6,4,6,5,0
DEV-195,2026-03-06,5.8,4.4,797,7,3,6,2,7,5,1
DEV-177,2026-01-20,4.3,7.6,1155,1,5,6,3,7,4,0
DEV-129,2026-03-23,5.0,6.1,798,6,11,8,5,7,5,0
DEV-145,2026-03-13,5.7,4.8,809,6,3,8,5,5,5,0
DEV-134,2026-03-14,7.5,2.1,416,5,2,9,3,4,5,1
DEV-132,2026-01-01,3.1,7.9,1348,4,8,8,2,5,5,0
DEV-116,2026-02-23,4.5,5.4,1056,1,2,7,2,6,4,1
DEV-154,2026-03-29,5.4,0.7,231,2,3,4,9,8,9,0
DEV-161,2026-04-15,5.8,2.7,536,1,10,3,5,9,8,0
DEV-108,2026-01-22,3.4,7.0,1188,4,5,8,2,7,3,0
DEV-131,2026-02-15,5.1,2.5,421,2,2,7,2,3,5,1
DEV-182,2026-02-03,3.3,7.3,1033,4,7,7,3,6,5,0
DEV-141,2026-03-03,4.4,2.2,391,3,2,7,5,7,4,1
DEV-114,2026-01-31,4.5,6.1,943,5,4,6,5,4,3,0
DEV-123,2026-04-18,5.2,1.8,434,5,2,4,8,7,10,0
DEV-120,2026-01-17,3.3,5.7,729,1,5,8,4,4,4,0
DEV-122,2026-04-08,5.4,3.4,687,3,3,4,7,7,8,0
DEV-164,2026-02-22,3.3,6.1,654,1,4,7,2,4,3,1
DEV-111,2026-03-15,4.0,7.0,872,2,4,6,2,5,3,1
DEV-165,2026-01-31,6.9,3.4,598,8,2,7,0,4,2,1
DEV-198,2026-03-08,2.7,3.9,699,2,8,5,7,9,7,0
DEV-136,2026-01-09,3.3,6.6,998,0,2,7,3,6,6,1
DEV-108,2026-04-06,7.4,1.8,467,6,1,7,3,4,5,1
DEV-120,2026-01-05,3.7,7.0,1080,1,6,6,2,6,4,0
DEV-187,2026-02-26,3.0,5.9,1063,0,7,6,2,6,6,0
DEV-147,2026-04-15,5.6,1.5,482,0,7,3,8,10,8,0
DEV-191,2026-03-15,5.0,4.7,671,3,5,6,2,7,5,0
DEV-155,2026-02-01,3.6,6.5,1136,1,11,8,5,7,6,0
DEV-139,2026-01-01,4.7,3.1,692,4,3,3,10,10,9,0
DEV-178,2026-01-30,3.0,5.5,970,1,2,7,5,5,5,1
DEV-156,2026-02-06,4.7,6.6,905,5,3,6,2,5,5,1
DEV-188,2026-02-15,3.2,7.1,962,2,2,6,3,6,4,1
DEV-116,2026-02-15,3.5,2.0,464,0,6,3,6,7,9,0
DEV-120,2026-01-15,2.1,2.6,500,0,8,3,6,7,10,0
DEV-199,2026-03-07,3.8,6.8,1234,5,8,8,3,3,5,0
DEV-149,2026-05-01,7.8,3.4,909,4,2,9,3,5,5,1
DEV-170,2026-03-07,2.3,2.9,339,0,3,3,10,8,9,0
DEV-189,2026-04-12,5.4,3.1,501,7,1,7,5,7,6,1
DEV-115,2026-02-24,3.9,5.4,824,5,2,8,4,5,3,1
DEV-106,2026-04-03,5.4,3.5,456,2,1,7,1,5,3,1
DEV-114,2026-02-03,3.0,3.5,615,1,7,5,7,8,9,0
DEV-130,2026-04-20,2.2,2.1,298,0,4,5,6,7,8,0
DEV-104,2026-01-30,3.5,1.8,395,0,2,4,10,10,10,0
DEV-174,2026-04-30,6.5,2.5,488,7,1,9,1,3,2,1
DEV-104,2026-02-28,5.6,1.8,312,0,3,5,10,8,7,0
DEV-161,2026-04-01,6.4,2.1,434,4,2,9,3,3,3,1
DEV-174,2026-03-18,6.9,4.3,1001,6,3,8,2,5,6,1
DEV-137,2026-03-07,5.4,2.8,474,6,2,7,5,4,7,0
DEV-146,2026-02-25,5.9,1.5,344,6,1,8,0,2,4,1
DEV-150,2026-01-07,4.3,3.0,461,2,2,4,6,9,8,0
DEV-150,2026-01-04,3.1,6.7,1077,2,3,6,5,3,6,0
DEV-159,2026-03-22,3.8,7.4,729,5,10,7,2,7,4,0
DEV-185,2026-03-20,4.5,5.4,866,4,2,7,4,4,5,1
DEV-156,2026-01-02,4.7,7.7,1261,5,9,8,2,7,4,0
DEV-127,2026-04-25,4.0,3.6,735,5,2,8,5,4,7,0
DEV-196,2026-04-08,5.4,3.0,502,5,3,8,3,6,7,0
DEV-110,2026-03-02,5.0,5.0,774,3,5,7,3,5,6,0
DEV-180,2026-04-03,6.3,2.2,424,5,1,8,4,6,6,1
DEV-145,2026-01-01,5.1,1.5,444,4,1,9,1,4,5,1
DEV-101,2026-01-26,6.0,4.2,627,3,3,7,2,4,4,1
DEV-186,2026-03-25,3.4,5.0,637,4,3,8,5,3,5,0
DEV-102,2026-04-08,6.8,2.0,569,6,3,8,5,7,6,0
DEV-180,2026-03-03,5.0,5.5,1115,7,5,8,4,5,4,0
DEV-117,2026-01-20,4.1,3.1,434,2,2,8,5,5,5,1
DEV-148,2026-03-10,4.9,7.8,1450,5,8,6,2,7,5,0
DEV-127,2026-02-22,5.2,2.3,491,6,2,6,6,5,5,0
DEV-167,2026-02-18,7.3,3.3,586,4,3,8,0,5,3,1
DEV-107,2026-02-16,5.4,3.8,641,2,2,6,4,6,4,1
DEV-178,2026-02-21,4.1,2.3,535,4,5,4,5,8,7,0
DEV-180,2026-02-27,6.7,1.2,483,5,1,8,0,4,5,1
DEV-123,2026-02-03,6.7,4.6,638,8,2,7,6,6,6,0
DEV-117,2026-02-20,3.8,2.6,454,3,5,5,8,10,7,0
DEV-127,2026-04-17,6.8,2.0,419,8,1,7,0,3,5,1
DEV-155,2026-03-29,6.2,2.0,612,2,2,9,0,4,4,1
DEV-104,2026-02-09,4.1,4.5,912,2,4,6,4,5,6,0
DEV-189,2026-03-09,5.5,1.5,350,2,2,3,9,8,10,0
DEV-167,2026-02-18,5.7,2.2,438,3,0,6,2,4,6,1
DEV-139,2026-03-30,5.7,2.4,474,7,2,9,1,4,3,1
DEV-196,2026-04-27,2.7,1.1,252,3,1,3,9,10,10,0
DEV-114,2026-02-06,2.2,3.3,366,1,2,4,9,8,9,0
DEV-132,2026-03-13,5.5,2.9,506,3,1,8,4,4,7,1
DEV-130,2026-01-07,5.8,2.7,530,2,3,5,5,9,10,0
DEV-163,2026-02-02,3.3,5.1,633,4,4,6,4,7,4,0
DEV-182,2026-03-31,5.8,3.9,780,2,4,7,4,4,5,0
DEV-182,2026-03-13,4.1,6.3,661,3,4,6,2,6,6,0
DEV-140,2026-03-26,4.1,2.5,478,1,7,3,10,8,7,0
DEV-152,2026-05-01,4.0,0.6,176,3,0,5,10,10,7,0
DEV-186,2026-01-24,4.6,7.7,1035,5,6,6,3,6,4,0
DEV-191,2026-01-03,6.2,4.5,752,3,5,6,6,6,4,0
DEV-104,2026-02-28,4.8,4.8,941,6,4,6,5,7,5,0
DEV-144,2026-02-04,4.6,3.9,600,3,2,8,2,5,4,1
DEV-192,2026-02-01,3.9,6.9,898,4,4,8,3,7,4,0
DEV-143,2026-02-09,5.1,3.5,659,7,3,7,3,4,4,1
DEV-140,2026-01-06,5.9,4.6,1004,7,7,6,4,7,4,0
DEV-109,2026-01-29,5.8,2.3,523,5,1,9,1,2,3,1
DEV-171,2026-01-03,3.5,3.8,766,2,15,4,5,9,7,0
DEV-136,2026-02-18,5.6,3.7,857,0,5,4,10,10,9,0
DEV-199,2026-03-09,7.7,3.1,700,7,1,9,0,5,2,1
DEV-162,2026-02-05,7.0,4.3,560,7,4,7,4,7,5,0
DEV-199,2026-04-07,3.5,7.0,1028,0,5,8,3,3,6,0
DEV-159,2026-01-23,3.1,2.9,440,0,3,4,10,8,10,0
DEV-142,2026-04-07,3.2,6.9,1105,2,17,6,3,7,5,0
DEV-108,2026-03-12,7.8,2.5,761,5,5,7,3,2,2,1
DEV-145,2026-01-21,5.9,1.0,329,4,1,8,3,5,4,1
DEV-198,2026-04-27,3.6,2.5,469,0,3,3,10,10,9,0
DEV-135,2026-01-04,4.9,4.4,719,5,2,7,4,7,4,1
DEV-126,2026-03-01,7.7,3.2,532,6,1,8,1,3,4,1
DEV-115,2026-01-10,6.0,4.0,689,4,5,7,6,7,5,0
DEV-131,2026-02-08,6.7,1.7,563,8,3,9,0,3,5,1
DEV-114,2026-03-03,6.7,3.5,680,5,3,7,6,4,6,0
DEV-177,2026-01-03,6.6,3.3,598,6,2,6,5,5,6,0
DEV-177,2026-01-10,4.6,5.1,731,5,5,7,5,4,4,0
DEV-160,2026-03-13,5.8,1.0,370,0,7,3,9,9,10,0
DEV-148,2026-02-21,4.1,5.3,647,2,3,6,3,7,3,1
DEV-126,2026-04-06,5.1,3.3,614,1,3,4,9,10,7,0
DEV-160,2026-01-01,4.7,4.6,830,6,6,6,3,5,7,0
DEV-187,2026-01-29,7.1,2.8,678,8,2,8,1,5,4,1
DEV-136,2026-03-15,6.9,1.3,547,4,1,7,0,5,5,1
DEV-162,2026-02-10,6.5,1.4,322,7,0,7,0,3,5,1
DEV-174,2026-04-14,7.1,2.8,654,8,5,8,2,5,4,1
DEV-157,2026-04-10,4.6,0.8,247,0,3,5,9,10,9,0
DEV-197,2026-03-25,5.5,2.2,345,4,1,6,4,6,6,1
DEV-143,2026-04-09,5.0,3.1,559,0,9,5,6,8,8,0
DEV-177,2026-03-24,5.5,1.0,253,0,2,3,6,8,9,0
DEV-183,2026-03-04,4.6,5.8,685,5,1,7,2,6,6,1
DEV-158,2026-04-04,5.4,3.2,776,7,3,6,3,4,7,0
DEV-177,2026-01-04,6.5,1.0,300,7,1,7,1,4,2,1
DEV-105,2026-02-14,5.0,1.7,305,7,2,8,2,3,5,1
DEV-192,2026-02-02,4.4,1.7,453,4,5,4,6,10,9,0
DEV-190,2026-04-22,5.5,2.4,535,3,5,3,6,7,7,0
DEV-142,2026-02-08,3.0,1.5,358,1,1,4,8,8,7,0
DEV-123,2026-03-04,6.5,4.7,1063,6,3,8,3,6,6,1
DEV-145,2026-04-09,4.1,3.4,466,4,3,8,6,5,5,0
DEV-196,2026-03-03,7.6,1.8,390,9,2,7,3,5,4,1
DEV-152,2026-04-26,4.0,5.9,773,6,5,6,3,4,3,0
DEV-130,2026-03-23,5.1,3.8,702,5,13,5,8,9,9,0
DEV-102,2026-02-26,7.4,2.7,552,4,3,9,3,2,3,1
DEV-110,2026-02-28,2.0,0.7,210,0,1,5,5,9,9,0
DEV-198,2026-04-14,6.6,4.5,593,7,3,8,2,7,5,1
DEV-110,2026-01-06,4.7,3.0,601,6,4,8,5,4,4,0
DEV-155,2026-03-14,6.8,3.1,728,4,2,7,5,5,4,1
DEV-188,2026-04-03,5.9,2.0,354,0,1,3,6,9,7,0
DEV-197,2026-04-12,3.4,2.1,503,1,9,3,7,8,7,0
DEV-180,2026-02-28,7.5,2.3,422,8,3,7,2,5,3,1
DEV-176,2026-02-12,4.5,7.5,1193,6,8,6,2,6,4,0
DEV-182,2026-02-22,3.7,3.2,534,0,10,5,8,10,8,0
DEV-104,2026-03-20,4.4,5.0,965,1,6,8,5,4,4,0
DEV-178,2026-03-31,7.0,3.4,512,4,1,9,2,3,5,1
DEV-186,2026-02-24,3.7,7.4,1276,1,9,7,4,5,6,0
DEV-149,2026-03-26,5.8,1.2,300,3,1,8,2,3,5,1
DEV-115,2026-04-05,6.0,3.7,631,7,1,7,5,7,6,1
DEV-194,2026-04-19,6.0,2.5,631,0,6,3,10,8,10,0
DEV-139,2026-03-04,7.6,2.2,541,5,3,9,0,3,4,1
DEV-163,2026-03-06,4.3,3.9,786,5,4,6,6,5,6,0
DEV-190,2026-04-01,2.1,3.9,682,0,5,5,6,8,9,0
DEV-143,2026-02-05,8.0,2.1,418,7,1,9,3,4,5,1
DEV-188,2026-02-25,5.6,1.2,438,0,4,5,9,7,8,0
DEV-153,2026-04-12,4.1,1.0,210,1,2,3,9,10,10,0
DEV-148,2026-01-15,5.7,2.1,461,6,2,7,2,5,7,1
DEV-117,2026-04-12,5.1,2.6,507,3,1,9,1,4,5,1
DEV-172,2026-04-03,5.1,4.8,975,5,2,7,3,7,6,1
DEV-143,2026-03-08,3.6,5.8,716,3,3,8,3,5,3,1
DEV-185,2026-02-18,2.8,2.8,495,0,6,3,8,8,7,0
DEV-160,2026-01-02,2.6,1.0,216,1,2,5,5,7,9,0
DEV-143,2026-03-19,4.7,6.1,658,6,7,7,5,7,4,0
DEV-120,2026-03-02,3.5,7.9,1291,0,9,8,3,6,3,0
DEV-189,2026-04-04,5.8,2.4,613,7,3,7,3,4,5,1
DEV-154,2026-04-18,3.9,5.7,730,4,3,8,3,7,5,1
DEV-143,2026-04-11,4.3,5.7,1010,1,5,7,4,5,4,0
DEV-144,2026-03-23,6.0,4.7,1035,6,2,6,5,7,4,1
DEV-184,2026-01-28,7.8,3.4,551,9,2,7,3,3,3,1
DEV-182,2026-03-25,5.8,3.4,590,2,1,7,6,5,7,1
DEV-170,2026-01-10,4.0,6.8,1168,4,5,7,3,5,4,0
DEV-199,2026-01-07,5.4,2.2,518,6,3,9,1,2,2,1
DEV-139,2026-01-04,6.4,2.9,648,3,1,8,1,2,4,1
DEV-139,2026-04-28,7.5,3.3,586,9,2,9,1,5,5,1
DEV-151,2026-02-23,4.0,2.6,582,1,3,8,6,5,7,0
DEV-126,2026-01-23,3.0,7.8,1349,1,3,8,5,5,3,1
DEV-155,2026-03-04,2.2,3.7,516,0,4,3,8,8,9,0
DEV-106,2026-03-25,6.4,4.9,657,8,1,8,5,4,5,1
DEV-183,2026-02-26,4.1,5.4,1052,5,4,8,5,5,5,0
DEV-193,2026-01-09,5.2,2.2,483,2,1,8,3,2,5,1
DEV-178,2026-02-03,5.4,3.0,714,3,11,5,10,10,7,0
DEV-106,2026-03-11,4.9,5.1,744,6,5,8,5,5,5,0
DEV-172,2026-01-02,3.1,5.9,925,5,7,6,5,4,6,0
DEV-155,2026-03-25,5.2,1.0,286,5,4,5,9,9,8,0
DEV-154,2026-01-06,5.2,3.3,582,5,2,8,4,5,5,1
DEV-164,2026-01-05,3.7,1.3,223,3,1,4,7,9,10,0
DEV-101,2026-02-04,5.0,3.4,470,3,2,8,3,3,2,1
DEV-192,2026-01-22,3.8,3.6,750,1,6,5,8,10,10,0
DEV-130,2026-01-08,7.6,2.5,624,5,4,9,1,3,5,1
DEV-170,2026-02-14,3.5,5.4,584,4,1,7,2,3,5,1
DEV-189,2026-03-24,6.3,3.4,682,5,5,7,0,4,4,1
DEV-131,2026-04-30,2.9,4.0,643,0,12,4,5,9,9,0
DEV-197,2026-03-28,7.9,1.5,586,5,3,9,3,3,3,1
DEV-175,2026-04-04,3.7,3.2,388,3,2,4,7,10,7,0
DEV-142,2026-02-26,3.0,4.0,591,2,10,3,10,9,8,0
DEV-115,2026-02-15,5.2,4.7,903,5,5,7,4,7,6,0
DEV-137,2026-02-08,3.1,5.7,628,5,2,7,2,7,3,1
DEV-152,2026-03-16,7.0,2.4,618,5,3,9,1,2,5,1
DEV-193,2026-03-03,4.2,0.8,268,2,2,4,9,8,9,0
DEV-194,2026-02-03,3.0,1.2,281,2,2,3,10,10,9,0
DEV-102,2026-03-09,4.8,3.8,626,1,3,6,6,4,6,0
DEV-166,2026-04-13,3.9,2.2,359,2,4,4,5,9,9,0
DEV-107,2026-02-22,5.9,1.0,408,2,2,7,0,4,3,1
DEV-159,2026-03-07,5.0,2.9,534,2,2,7,3,6,7,1
DEV-177,2026-01-06,4.6,4.6,858,6,5,6,4,5,7,0
DEV-111,2026-01-06,3.1,6.5,645,2,4,8,5,5,5,0
DEV-115,2026-02-02,6.5,2.3,640,6,2,8,2,7,6,1
DEV-196,2026-03-24,5.3,1.0,385,3,1,9,1,5,3,1
DEV-100,2026-01-31,4.5,2.1,456,4,2,8,2,4,6,1
DEV-138,2026-04-30,7.8,2.2,483,6,1,9,3,2,5,1
DEV-151,2026-04-10,5.6,1.9,579,5,1,9,2,3,2,1
DEV-102,2026-01-09,3.9,2.0,298,0,1,4,10,10,9,0
DEV-132,2026-01-08,5.7,3.2,559,6,1,9,1,5,2,1
DEV-138,2026-01-08,5.6,3.2,690,5,2,8,3,2,4,1
DEV-132,2026-02-16,5.4,4.3,950,7,2,8,5,7,6,1
DEV-137,2026-03-22,5.0,2.7,557,3,4,6,4,7,4,0
DEV-197,2026-01-25,5.3,2.9,478,3,1,8,3,5,4,1
DEV-161,2026-02-02,6.6,2.3,479,8,1,8,2,4,3,1
DEV-154,2026-04-26,5.5,2.4,645,5,4,7,4,6,5,0
DEV-194,2026-01-25,4.3,6.5,975,3,2,7,5,4,4,1
DEV-139,2026-01-19,5.3,2.4,496,4,3,7,1,4,2,1
DEV-151,2026-01-09,2.8,2.6,362,2,5,4,7,10,9,0
DEV-121,2026-04-03,5.8,0.8,240,5,2,5,6,10,8,0
DEV-141,2026-03-30,5.0,2.3,356,6,2,6,4,5,7,0
DEV-167,2026-01-20,7.0,1.0,297,8,0,7,1,3,5,1
DEV-119,2026-04-07,7.2,3.0,596,7,3,7,1,2,5,1
DEV-123,2026-02-11,7.0,1.6,430,7,1,9,1,2,3,1
DEV-110,2026-02-16,4.3,6.5,1117,3,2,7,4,3,6,1
DEV-184,2026-02-02,6.1,3.9,735,4,4,8,6,7,5,0
DEV-190,2026-02-14,4.4,2.2,487,4,9,3,7,10,10,0
DEV-150,2026-02-28,4.4,3.4,720,4,3,7,3,6,5,1
DEV-194,2026-03-30,3.8,2.3,387,1,2,3,9,10,8,0
DEV-161,2026-01-18,2.6,3.8,537,0,7,5,10,9,10,0
DEV-133,2026-04-12,4.9,6.2,997,6,5,7,4,7,4,0
DEV-193,2026-03-26,7.2,1.7,427,4,1,7,1,3,3,1
DEV-156,2026-01-28,5.7,1.3,457,7,1,7,1,3,4,1
DEV-134,2026-01-31,2.1,3.7,631,0,4,3,8,10,10,0
DEV-146,2026-03-01,3.4,7.0,1227,3,9,8,4,6,6,0
DEV-117,2026-03-23,3.6,1.8,385,3,4,5,8,9,10,0
DEV-105,2026-03-13,3.3,5.4,784,1,6,7,4,4,5,0
DEV-105,2026-02-14,6.9,4.1,780,8,6,8,6,4,5,0
DEV-177,2026-01-01,3.4,7.0,1049,5,2,7,4,6,4,1
DEV-178,2026-01-12,7.1,1.1,478,4,2,7,2,2,2,1
DEV-118,2026-04-13,4.1,3.4,642,1,3,7,3,6,4,1
DEV-136,2026-01-30,6.7,4.0,580,4,1,7,3,5,5,1
DEV-191,2026-04-03,5.3,4.0,632,3,2,6,3,5,5,1
DEV-189,2026-02-17,4.2,3.6,449,1,4,3,7,10,8,0
DEV-174,2026-04-21,6.7,4.5,931,8,5,8,3,6,4,0
DEV-170,2026-02-19,3.7,7.4,853,0,6,8,2,4,5,0
DEV-149,2026-01-12,5.6,2.2,526,4,1,9,3,3,4,1
DEV-114,2026-04-19,6.4,2.5,580,7,3,6,4,4,7,0
DEV-182,2026-01-29,4.6,7.2,1108,5,7,8,3,5,5,0
DEV-181,2026-04-27,5.2,3.9,871,6,3,6,4,6,5,0
DEV-117,2026-03-12,6.0,2.5,560,5,4,3,9,9,8,0
DEV-145,2026-01-01,3.2,7.0,767,5,6,8,2,6,3,0
DEV-104,2026-01-17,2.1,1.6,294,0,5,4,5,8,7,0
DEV-198,2026-04-30,4.7,1.2,260,2,2,3,7,10,9,0
DEV-157,2026-01-24,6.1,4.7,671,5,3,6,2,6,7,0
DEV-123,2026-04-22,4.8,7.8,1330,1,3,8,3,4,4,1
DEV-119,2026-04-06,3.4,7.5,770,3,3,8,2,3,4,1
DEV-130,2026-04-14,4.4,6.2,1113,3,16,6,3,7,6,0
DEV-174,2026-04-21,3.8,5.3,603,2,2,7,5,4,6,1
DEV-176,2026-01-17,3.7,2.9,478,0,4,4,10,9,8,0
DEV-107,2026-01-24,3.3,7.4,1258,5,7,6,3,5,5,0
DEV-104,2026-02-05,2.4,0.6,132,2,1,4,7,10,9,0
DEV-186,2026-01-02,6.8,4.4,921,4,4,6,6,6,5,0
DEV-133,2026-01-12,5.3,4.3,615,3,1,8,6,7,4,1
DEV-154,2026-03-17,6.0,3.1,670,3,2,7,0,2,5,1
DEV-119,2026-01-01,2.5,2.8,561,2,11,3,8,8,7,0
DEV-126,2026-03-05,4.1,7.2,1132,2,9,8,2,6,6,0
DEV-118,2026-02-21,5.2,2.7,596,7,2,8,0,5,2,1
DEV-148,2026-04-01,4.7,6.4,1172,2,17,7,2,7,3,0
DEV-110,2026-04-08,6.1,2.1,370,7,2,7,2,4,3,1
DEV-163,2026-01-31,4.4,0.5,178,3,3,3,6,8,7,0
DEV-129,2026-01-12,3.1,1.4,350,0,2,4,10,10,9,0
DEV-152,2026-03-04,3.6,5.5,704,2,4,6,3,7,6,0
DEV-103,2026-04-10,4.3,3.1,481,1,2,7,2,7,7,1
DEV-199,2026-02-14,6.8,2.5,406,3,0,9,3,3,4,1
DEV-164,2026-01-02,4.2,3.6,562,4,1,7,5,4,5,1
DEV-106,2026-04-28,3.4,6.0,1103,0,5,7,2,5,4,0
DEV-196,2026-03-29,7.3,1.2,490,7,2,7,1,4,5,1
DEV-138,2026-04-10,4.5,5.1,663,5,3,8,3,7,4,1
DEV-103,2026-03-24,4.4,7.9,878,3,2,8,3,4,4,1
DEV-137,2026-02-26,6.8,3.9,679,8,4,6,2,6,6,0
DEV-147,2026-03-06,3.8,2.0,322,4,2,3,9,7,7,0
DEV-162,2026-04-18,4.1,1.2,274,0,4,4,10,10,10,0
DEV-154,2026-04-14,3.8,5.7,828,1,2,6,4,6,5,1
DEV-130,2026-02-19,5.0,2.7,402,2,4,3,10,9,10,0
DEV-159,2026-02-20,4.2,2.1,536,1,8,5,10,10,7,0
DEV-120,2026-02-04,5.6,3.5,456,2,1,8,2,7,4,1
DEV-127,2026-01-17,5.7,2.6,650,2,3,9,3,4,4,1
DEV-178,2026-02-04,5.8,1.1,298,3,0,9,1,4,2,1
DEV-192,2026-01-28,4.5,7.1,1212,2,11,6,2,7,4,0
DEV-108,2026-01-10,6.2,2.8,476,2,1,6,4,7,5,1
DEV-145,2026-02-06,5.7,1.9,353,1,4,3,10,7,10,0
DEV-170,2026-02-27,7.2,1.6,423,6,1,8,1,5,5,1
DEV-105,2026-02-27,7.9,3.2,760,5,2,9,0,3,2,1
DEV-158,2026-01-28,7.7,1.1,441,6,1,9,2,5,5,1
DEV-156,2026-04-26,4.0,5.3,831,3,5,7,3,7,4,0
DEV-111,2026-02-26,4.1,3.6,523,6,1,8,2,6,5,1
DEV-102,2026-01-03,5.8,1.5,387,7,1,9,1,3,4,1
DEV-171,2026-02-15,6.9,2.9,566,7,3,7,5,7,5,0
DEV-112,2026-04-06,6.1,3.0,749,2,4,7,2,4,5,1
DEV-180,2026-01-24,5.3,2.8,523,4,5,5,10,8,7,0
DEV-105,2026-03-12,5.2,2.9,556,5,2,7,1,3,2,1
DEV-104,2026-03-03,2.8,0.7,228,0,2,5,6,10,7,0
DEV-168,2026-03-10,4.7,1.7,308,4,4,4,10,7,7,0
DEV-137,2026-03-08,3.1,2.0,376,0,5,4,8,8,8,0
DEV-186,2026-01-31,3.2,1.8,410,0,4,5,7,9,8,0
DEV-198,2026-02-25,5.4,2.0,406,6,2,8,1,5,3,1
DEV-132,2026-04-05,7.3,2.8,499,7,2,9,0,5,5,1
DEV-137,2026-02-12,7.7,3.0,545,5,1,9,0,5,2,1
DEV-124,2026-01-17,5.2,3.5,769,3,3,9,0,3,2,1
DEV-145,2026-02-02,7.7,2.8,506,8,2,9,1,5,4,1
DEV-187,2026-04-30,5.9,3.6,507,2,2,8,4,5,6,1
DEV-119,2026-04-16,5.8,2.8,460,7,2,7,1,5,3,1
DEV-181,2026-03-08,6.0,1.5,365,3,2,7,1,2,3,1
DEV-199,2026-03-27,4.7,1.6,435,3,3,3,8,10,7,0
DEV-170,2026-02-19,5.7,3.2,615,5,2,7,2,2,4,1
DEV-119,2026-02-26,3.4,6.7,733,1,8,6,5,7,6,0
DEV-175,2026-04-29,6.6,3.0,654,7,4,7,2,4,4,1
DEV-100,2026-01-03,6.0,2.1,607,3,3,9,0,5,5,1
DEV-144,2026-02-12,2.7,3.1,419,2,8,3,9,7,10,0
DEV-174,2026-01-17,3.8,6.1,1020,5,9,7,4,7,4,0
DEV-188,2026-04-26,5.3,2.4,592,5,2,9,2,2,2,1
DEV-173,2026-02-24,3.9,7.2,1317,1,4,8,3,3,5,0
DEV-153,2026-04-25,2.6,3.2,435,2,5,4,6,7,8,0
DEV-149,2026-04-16,5.7,1.7,397,5,5,5,8,9,8,0
DEV-171,2026-04-05,3.2,3.5,460,0,4,5,8,8,10,0
DEV-194,2026-04-10,6.2,2.7,598,4,4,8,2,5,6,0
DEV-135,2026-03-13,6.5,2.9,441,6,1,8,2,6,4,1
DEV-169,2026-01-08,4.1,6.2,1020,2,5,7,4,7,4,0
DEV-128,2026-02-08,3.9,6.4,1086,5,2,8,3,5,3,1
DEV-177,2026-04-01,5.2,3.2,728,5,4,7,2,4,4,1
DEV-108,2026-03-20,4.4,2.7,493,1,4,5,6,8,7,0
DEV-163,2026-04-08,4.0,3.8,615,0,5,5,7,7,8,0
DEV-127,2026-03-01,6.0,2.0,516,4,2,7,2,4,3,1
DEV-112,2026-04-18,4.5,1.7,485,1,2,4,8,8,8,0
DEV-134,2026-01-06,3.7,7.6,1292,0,5,7,4,5,5,0
DEV-128,2026-01-26,5.7,3.0,747,6,2,6,4,6,7,0
DEV-109,2026-04-11,5.2,3.8,694,5,3,8,2,4,4,1
DEV-110,2026-01-30,6.6,1.1,461,5,1,7,2,2,4,1
DEV-173,2026-01-09,4.7,3.9,478,4,3,8,4,4,7,0
DEV-107,2026-03-31,5.0,2.6,590,2,3,7,1,5,4,1
DEV-196,2026-01-11,2.4,0.9,150,0,1,5,8,9,10,0
DEV-106,2026-01-22,7.0,2.6,584,4,2,7,1,2,3,1
DEV-122,2026-03-13,4.2,3.3,419,0,3,4,7,9,10,0
DEV-158,2026-03-20,4.3,6.1,828,3,12,7,5,7,5,0
DEV-150,2026-03-09,6.1,2.4,542,7,3,9,1,2,5,1
DEV-150,2026-01-23,3.2,5.8,643,3,1,7,5,6,3,1
DEV-110,2026-01-10,8.0,2.2,605,8,1,8,3,2,2,1
DEV-115,2026-04-20,6.4,4.5,719,6,3,7,5,4,5,0
DEV-145,2026-02-27,6.5,4.9,666,7,2,8,4,7,7,1
DEV-155,2026-03-18,3.1,2.8,590,0,8,5,5,8,7,0
DEV-111,2026-02-12,5.5,1.5,491,2,3,7,1,5,5,1
DEV-155,2026-03-19,2.4,1.3,253,0,4,3,6,8,10,0
DEV-184,2026-03-06,4.8,5.4,950,3,5,8,3,4,3,0
DEV-164,2026-03-29,3.5,6.6,758,1,2,8,5,5,3,1
DEV-114,2026-01-08,2.8,2.5,482,0,4,3,10,7,9,0
DEV-146,2026-01-05,6.6,3.9,945,6,6,8,5,4,4,0
DEV-179,2026-04-25,4.8,4.8,570,4,2,7,6,6,5,1
DEV-114,2026-02-25,4.4,5.7,644,1,1,6,4,5,6,1
DEV-105,2026-03-02,5.5,3.9,631,6,4,6,4,5,5,0
DEV-138,2026-01-14,6.9,3.0,746,4,5,9,3,3,5,0
DEV-188,2026-03-27,5.5,3.1,500,4,1,7,0,2,5,1
DEV-170,2026-01-23,4.0,7.3,1324,6,20,7,3,7,6,0
DEV-149,2026-01-28,5.9,3.2,580,2,3,6,2,5,5,1
DEV-105,2026-02-17,3.5,6.8,818,4,6,6,5,4,6,0
DEV-174,2026-04-08,4.4,3.7,665,2,6,4,6,10,9,0
DEV-143,2026-03-23,3.0,2.9,420,2,2,5,8,7,7,0
DEV-184,2026-01-29,6.4,3.8,688,6,2,8,4,6,7,1
DEV-163,2026-02-16,4.3,2.7,521,5,3,6,4,4,6,0
DEV-107,2026-02-06,4.8,2.5,408,2,2,8,6,4,5,1
DEV-171,2026-01-31,6.1,2.1,410,7,2,9,0,4,4,1
DEV-108,2026-03-08,5.3,4.5,893,2,4,7,2,4,4,0
DEV-178,2026-02-24,4.1,6.5,1184,5,9,7,4,6,4,0
DEV-101,2026-04-04,7.6,1.4,611,7,1,9,1,2,4,1
DEV-178,2026-01-10,3.2,3.4,408,0,7,5,8,9,9,0
DEV-173,2026-02-01,6.3,1.9,444,4,1,9,1,2,2,1
DEV-190,2026-04-07,4.4,5.4,718,5,5,7,2,7,5,0
DEV-148,2026-03-20,6.9,2.7,499,6,3,8,0,5,5,1
DEV-110,2026-01-07,7.6,1.3,332,9,1,7,0,5,5,1
DEV-197,2026-04-16,6.0,3.8,859,4,2,7,6,5,4,1
DEV-150,2026-04-17,4.3,6.7,960,4,4,7,4,6,5,0
DEV-130,2026-04-18,3.0,6.0,662,1,2,7,5,7,5,1
DEV-182,2026-01-16,7.1,2.1,449,5,2,9,3,4,3,1
DEV-106,2026-01-30,7.4,1.6,615,5,2,9,3,2,4,1
DEV-102,2026-02-28,5.3,4.4,670,6,2,6,4,4,7,0
DEV-105,2026-02-09,4.1,2.3,357,1,1,4,5,10,10,0
DEV-146,2026-03-28,2.5,2.2,259,2,2,5,10,7,7,0
DEV-156,2026-02-15,4.3,1.7,332,3,3,5,9,10,9,0
DEV-150,2026-01-02,4.3,7.6,1225,2,4,8,3,6,3,1
DEV-120,2026-03-21,5.5,3.4,714,4,6,3,10,8,9,0
DEV-130,2026-03-16,3.6,6.0,916,1,1,6,5,5,5,1
DEV-143,2026-03-03,4.4,6.9,1143,5,14,7,3,7,3,0
DEV-125,2026-03-17,6.8,3.5,513,7,2,7,3,4,7,1
DEV-194,2026-03-07,4.9,3.6,549,6,3,7,2,7,4,1
DEV-139,2026-03-26,3.7,7.7,1304,1,3,6,2,6,4,1
DEV-175,2026-03-21,6.1,4.6,933,6,2,6,4,6,5,1
DEV-179,2026-02-19,6.8,1.7,590,5,1,9,2,4,4,1
DEV-174,2026-01-24,4.2,8.0,1047,5,4,6,4,5,5,0
DEV-163,2026-01-16,5.3,1.7,369,7,2,8,2,4,5,1
DEV-108,2026-03-18,7.6,2.2,680,5,4,9,1,2,2,1
DEV-177,2026-03-14,4.7,7.1,930,2,2,8,3,4,3,1
DEV-120,2026-01-04,5.5,1.6,498,4,1,7,1,5,2,1
DEV-147,2026-01-20,3.9,1.5,328,0,4,3,8,10,10,0
DEV-147,2026-04-16,5.2,2.1,426,7,1,8,0,3,2,1
DEV-194,2026-04-09,6.3,2.5,477,5,1,7,5,6,5,1
DEV-120,2026-01-30,3.6,6.6,1215,3,10,8,4,7,4,0
DEV-173,2026-01-08,5.8,1.4,380,7,2,9,0,2,2,1
DEV-138,2026-02-24,5.4,4.8,995,7,6,8,4,7,6,0
DEV-118,2026-03-13,3.5,3.2,503,0,7,3,7,8,8,0
DEV-179,2026-02-18,2.0,2.4,378,0,2,3,5,9,8,0
DEV-184,2026-02-24,3.3,6.6,674,2,1,6,3,5,5,1
DEV-116,2026-03-20,4.3,2.5,352,5,1,8,5,7,4,1
DEV-145,2026-01-11,4.7,4.0,676,3,10,5,9,8,9,0
DEV-131,2026-03-10,4.4,8.0,1391,2,20,8,3,7,4,0
DEV-149,2026-04-28,4.3,2.4,589,3,3,8,2,7,4,1
DEV-181,2026-03-25,4.0,6.0,912,4,6,6,5,7,6,0
DEV-186,2026-04-13,6.5,1.5,358,5,2,8,1,5,4,1
DEV-178,2026-04-16,2.3,3.9,577,0,7,4,5,8,9,0
DEV-141,2026-04-04,4.0,6.3,1136,6,11,6,3,7,5,0
DEV-169,2026-02-20,5.2,1.6,324,7,2,9,2,4,3,1
DEV-174,2026-01-12,3.9,5.4,617,1,2,6,3,4,5,1
DEV-126,2026-02-27,3.1,1.1,195,0,1,4,10,9,8,0
DEV-160,2026-03-04,5.0,5.4,841,5,3,6,3,5,3,1
DEV-167,2026-03-08,5.6,2.7,611,2,2,8,5,6,5,1
DEV-199,2026-02-01,6.7,2.2,586,3,4,7,3,4,2,1
DEV-159,2026-01-22,3.8,6.1,1094,5,5,7,3,3,4,0
DEV-166,2026-04-12,4.0,6.2,739,3,2,7,3,5,6,1
DEV-174,2026-04-18,6.2,3.3,615,3,3,9,1,5,2,1
DEV-128,2026-01-09,4.0,5.8,1051,5,3,8,4,7,5,1
DEV-173,2026-02-21,4.0,0.7,213,2,3,3,9,7,7,0
DEV-136,2026-01-27,2.6,3.4,629,0,12,3,5,9,7,0
DEV-110,2026-02-14,4.6,7.7,1193,4,12,7,4,7,5,0
DEV-194,2026-04-07,4.9,1.5,428,1,5,3,9,8,7,0
DEV-150,2026-01-03,2.9,2.7,419,0,3,5,8,9,7,0
DEV-181,2026-02-07,7.6,1.7,615,4,4,8,2,2,3,1
DEV-169,2026-01-26,7.8,3.0,831,8,5,7,0,3,5,1
DEV-194,2026-04-06,5.5,2.7,435,5,6,4,8,7,8,0
DEV-112,2026-01-16,5.2,3.5,653,1,8,5,8,9,9,0
DEV-114,2026-03-31,3.4,5.2,829,2,3,6,2,7,6,0
DEV-114,2026-04-14,4.7,4.7,915,1,1,7,4,6,6,1
DEV-171,2026-02-22,5.1,2.4,615,4,9,5,5,10,10,0
DEV-139,2026-02-17,6.9,2.2,626,6,4,6,2,4,5,0
DEV-124,2026-01-20,4.4,1.6,405,0,5,4,10,9,7,0
DEV-168,2026-04-22,4.9,6.2,722,2,2,8,2,5,3,1
DEV-191,2026-03-11,4.3,7.5,1355,2,8,7,5,6,3,0
DEV-103,2026-04-22,3.9,2.4,458,3,5,4,10,9,10,0
DEV-135,2026-04-15,7.9,2.4,760,6,4,9,2,3,4,1
DEV-180,2026-02-17,3.5,1.9,447,2,4,5,5,7,7,0
DEV-169,2026-01-28,3.4,7.3,820,4,3,8,5,6,4,1
DEV-151,2026-03-07,5.1,3.8,740,0,10,5,9,8,8,0
DEV-144,2026-01-01,5.2,3.1,697,2,3,9,0,5,5,1
DEV-116,2026-02-14,6.6,3.1,675,4,3,8,3,4,4,1
DEV-167,2026-03-30,6.1,3.7,691,6,3,7,6,4,7,0
DEV-162,2026-04-14,3.9,6.1,1021,5,7,8,5,5,6,0
DEV-171,2026-03-22,7.2,1.3,523,7,3,7,1,4,3,1
DEV-188,2026-01-19,7.7,3.5,770,7,5,7,1,5,2,1
DEV-192,2026-04-07,2.6,1.8,403,0,5,5,5,10,7,0
DEV-147,2026-04-09,3.4,3.8,650,1,12,5,6,9,9,0
DEV-126,2026-05-01,4.0,7.4,1050,3,10,8,2,7,6,0
DEV-138,2026-04-15,6.1,2.6,644,3,2,7,2,2,2,1
DEV-147,2026-03-27,3.5,3.8,536,0,3,4,8,9,7,0
DEV-154,2026-02-02,7.4,1.2,453,7,2,8,0,5,2,1
DEV-121,2026-04-03,3.6,7.6,1006,5,4,7,2,4,4,0
DEV-119,2026-04-01,7.6,3.4,674,4,4,7,0,4,4,1
DEV-181,2026-03-07,5.5,2.1,490,0,6,3,10,7,8,0
DEV-182,2026-01-05,7.5,2.9,823,7,3,8,2,5,2,1
DEV-144,2026-01-28,4.3,2.4,324,5,2,8,4,4,6,1
DEV-194,2026-03-05,4.3,2.4,428,2,1,6,4,4,6,1
DEV-162,2026-03-28,6.5,5.0,628,5,2,6,4,4,7,0
DEV-159,2026-01-29,4.7,3.6,552,0,3,5,7,7,8,0
DEV-164,2026-04-27,6.0,2.5,413,5,1,8,2,5,6,1
DEV-196,2026-02-16,5.9,1.4,360,5,1,9,0,3,3,1
DEV-146,2026-01-20,2.3,1.9,308,0,2,3,10,10,8,0
DEV-182,2026-01-03,5.4,3.8,858,7,2,7,6,6,6,0
DEV-101,2026-03-16,7.7,2.9,476,4,1,8,3,4,3,1
DEV-103,2026-01-20,5.3,2.3,625,5,2,8,1,3,5,1
DEV-106,2026-01-29,4.0,3.7,651,2,5,5,5,10,9,0
DEV-140,2026-04-07,3.6,6.1,1010,0,4,8,2,4,6,0
DEV-121,2026-01-06,6.5,3.2,802,8,5,8,6,6,4,0
DEV-134,2026-02-28,4.6,7.0,746,4,2,8,4,4,3,1
DEV-133,2026-01-08,6.3,2.7,568,7,2,6,5,7,4,1
DEV-137,2026-03-17,6.5,2.0,628,8,3,6,6,7,6,0
DEV-196,2026-04-22,4.3,4.2,489,4,3,6,6,5,5,0
DEV-172,2026-02-12,6.1,4.1,569,7,3,6,4,4,7,0
DEV-146,2026-02-09,6.7,1.0,445,4,3,8,2,4,2,1
DEV-101,2026-01-31,7.0,2.4,607,5,1,7,5,5,5,1
DEV-112,2026-03-31,3.7,3.9,548,0,8,3,5,7,10,0
DEV-165,2026-01-22,3.4,4.0,734,3,9,4,6,9,7,0
DEV-185,2026-04-05,2.7,2.1,363,0,6,3,6,8,10,0
DEV-105,2026-04-20,5.5,2.3,560,7,2,8,0,2,3,1
DEV-140,2026-04-08,3.3,1.1,309,2,2,4,10,10,7,0
DEV-158,2026-01-04,4.9,3.6,487,3,6,4,8,10,7,0
DEV-152,2026-02-24,6.5,2.9,681,4,4,8,2,6,5,0
DEV-123,2026-04-17,7.0,4.7,1050,5,8,7,3,7,7,0
DEV-143,2026-04-10,4.1,7.2,1107,2,4,6,3,6,5,0
DEV-135,2026-02-04,7.3,3.4,905,3,6,9,2,4,4,0
DEV-151,2026-01-11,4.7,1.3,418,4,2,3,10,8,7,0
DEV-118,2026-02-21,4.4,3.3,692,2,12,5,6,8,7,0
DEV-116,2026-03-26,4.0,2.5,382,4,1,6,5,5,4,1
DEV-179,2026-01-14,4.8,4.5,826,3,6,8,4,6,7,0
DEV-168,2026-01-27,4.1,3.2,537,5,3,6,2,4,5,1
DEV-137,2026-02-01,4.8,4.8,855,1,6,8,6,5,4,0
DEV-130,2026-04-01,5.1,1.7,361,3,0,9,1,4,3,1
DEV-186,2026-05-01,6.6,3.4,605,8,1,7,0,3,2,1
DEV-147,2026-01-04,3.6,3.9,465,0,8,3,8,10,7,0
DEV-195,2026-02-15,3.0,4.0,546,1,9,3,7,8,10,0
DEV-105,2026-03-11,4.5,4.0,586,1,3,6,2,7,6,0
DEV-127,2026-04-09,7.3,2.0,394,3,1,7,3,4,2,1
DEV-136,2026-04-07,3.5,5.5,611,1,3,8,4,3,5,1
DEV-163,2026-04-17,7.6,1.2,572,4,2,8,0,4,5,1
DEV-138,2026-02-22,5.6,3.5,635,2,12,5,8,10,7,0
DEV-193,2026-03-01,6.0,1.4,442,3,6,5,10,9,10,0
DEV-139,2026-01-31,5.1,2.7,574,3,9,3,7,9,7,0
DEV-102,2026-01-14,2.9,1.1,263,0,3,3,7,10,10,0
DEV-158,2026-02-15,6.0,3.4,476,1,4,5,6,10,8,0
DEV-102,2026-02-04,4.3,7.5,1220,5,5,7,2,4,4,0
DEV-179,2026-04-01,3.1,7.7,797,2,5,7,5,7,6,0
DEV-100,2026-02-21,4.2,7.8,813,4,2,8,2,5,3,1
DEV-125,2026-04-10,3.5,6.7,812,1,4,6,5,7,6,0
DEV-185,2026-03-05,5.3,4.5,681,5,3,7,5,7,4,0
DEV-150,2026-02-20,6.1,2.9,739,7,4,9,0,3,2,1
DEV-176,2026-04-30,3.1,5.9,976,3,6,7,5,5,6,0
DEV-121,2026-04-25,5.3,2.1,541,7,2,8,3,5,7,1
DEV-161,2026-03-23,5.0,2.0,316,7,1,7,3,3,5,1
DEV-143,2026-01-15,4.0,6.1,941,2,6,6,5,3,4,0
DEV-146,2026-03-11,3.0,4.0,474,0,4,5,8,8,8,0
DEV-110,2026-02-23,4.5,6.7,1052,5,8,6,4,7,5,0
DEV-152,2026-01-20,4.9,7.9,1399,6,10,8,5,4,6,0
DEV-107,2026-04-07,6.5,2.2,448,7,2,7,5,6,6,1
DEV-108,2026-04-17,4.6,6.0,847,6,6,6,4,7,6,0
DEV-188,2026-04-03,4.5,7.1,1045,4,3,8,5,4,5,0
DEV-112,2026-02-17,3.6,6.3,1015,2,7,6,3,4,3,0
DEV-167,2026-03-12,2.0,2.7,475,0,2,4,8,8,7,0
DEV-174,2026-03-08,4.4,3.7,665,4,3,4,10,7,9,0
DEV-134,2026-03-26,3.5,2.8,458,0,5,4,10,7,8,0
DEV-100,2026-04-26,7.7,1.9,471,8,3,8,3,2,2,1
DEV-166,2026-04-09,5.7,3.5,595,2,6,3,8,10,8,0
DEV-187,2026-04-23,4.5,6.4,1013,2,4,8,4,3,6,0
DEV-139,2026-02-19,5.4,5.0,799,3,2,7,2,5,4,1
DEV-196,2026-03-05,6.2,2.6,403,5,2,8,3,4,7,1
DEV-129,2026-02-23,3.3,6.5,973,1,12,6,2,7,4,0
DEV-158,2026-03-23,4.7,4.9,720,6,1,7,3,6,5,1
DEV-117,2026-02-07,3.4,5.9,1009,5,6,7,4,5,3,0
DEV-148,2026-04-08,6.0,2.8,506,5,1,8,6,5,5,1
DEV-162,2026-03-11,7.4,2.4,698,8,2,9,3,3,5,1
DEV-159,2026-04-16,7.3,2.3,577,5,3,7,3,3,5,1
DEV-167,2026-03-19,3.9,3.7,733,2,6,3,10,9,8,0
DEV-152,2026-01-11,3.1,6.4,645,5,3,6,3,3,4,1
DEV-161,2026-03-29,4.8,5.5,815,5,5,6,5,7,6,0
DEV-136,2026-03-03,3.6,6.1,971,0,3,8,5,3,4,1
DEV-128,2026-03-18,6.1,3.4,480,2,2,6,2,5,4,1
DEV-130,2026-04-23,3.5,5.4,725,2,4,8,4,7,3,0
DEV-183,2026-04-02,4.3,1.5,438,2,6,3,5,9,8,0
DEV-124,2026-01-13,5.2,2.7,599,3,3,8,4,7,5,1
DEV-141,2026-03-02,4.9,4.9,677,3,3,7,3,7,7,0
DEV-192,2026-01-30,4.3,2.3,573,0,8,5,5,10,8,0
DEV-152,2026-02-15,5.3,3.5,657,7,2,7,5,5,6,1
DEV-159,2026-03-28,3.3,7.7,972,4,7,7,3,5,5,0
DEV-172,2026-04-13,6.0,1.8,528,4,3,8,2,3,2,1
DEV-168,2026-03-13,4.5,4.3,713,6,2,7,6,4,6,0
DEV-120,2026-04-29,7.6,2.5,701,7,3,9,0,3,3,1
DEV-104,2026-02-22,6.4,4.7,1014,6,4,6,5,7,5,0
DEV-199,2026-03-22,5.4,3.3,654,2,4,9,1,3,4,1
DEV-146,2026-03-09,5.4,4.3,683,2,5,6,6,5,4,0
DEV-170,2026-03-03,7.8,1.3,457,7,2,9,2,3,4,1
DEV-172,2026-05-01,4.3,3.0,532,2,1,6,5,7,6,1
DEV-129,2026-04-04,4.7,4.5,881,2,2,8,6,6,6,1
DEV-183,2026-01-28,5.9,1.6,393,7,2,8,1,4,5,1
DEV-142,2026-01-08,3.5,3.7,584,2,3,3,6,8,10,0
DEV-116,2026-01-27,6.5,2.3,680,7,2,8,0,4,5,1
DEV-184,2026-03-15,4.9,8.0,895,5,5,7,2,7,3,0
DEV-119,2026-04-09,3.3,1.3,297,3,3,5,7,7,7,0
DEV-186,2026-02-28,4.8,6.7,943,3,6,7,2,5,5,0
DEV-120,2026-01-06,4.2,2.5,358,0,3,4,8,9,9,0
DEV-164,2026-02-02,7.7,1.9,612,6,3,8,1,2,3,1
DEV-199,2026-03-09,5.3,1.8,358,0,2,5,9,7,10,0
DEV-183,2026-02-01,4.5,7.2,1339,4,5,6,2,6,4,0
DEV-143,2026-02-11,4.8,4.8,905,1,7,6,2,4,4,0
DEV-173,2026-01-25,5.9,4.0,808,6,2,7,3,7,5,1
DEV-147,2026-03-08,7.6,1.6,360,5,2,8,1,4,5,1
DEV-160,2026-01-26,4.4,6.7,1040,2,8,6,3,7,5,0
DEV-109,2026-01-02,6.9,3.9,717,5,2,7,5,7,4,1
DEV-172,2026-02-16,3.5,7.0,781,4,4,6,4,7,4,0
DEV-162,2026-01-24,6.9,1.2,417,3,1,9,3,3,5,1
DEV-114,2026-01-08,4.9,3.1,512,2,3,6,3,6,6,0
DEV-122,2026-03-23,6.6,2.8,762,6,3,7,3,5,3,1
DEV-162,2026-03-24,4.5,3.9,534,6,3,6,2,7,5,1
DEV-125,2026-04-12,5.9,2.8,517,6,1,7,1,4,2,1
DEV-134,2026-02-05,7.7,3.2,773,5,3,7,0,4,4,1
DEV-155,2026-02-10,3.3,7.4,1229,1,7,6,4,3,5,0
DEV-197,2026-03-05,6.5,1.9,517,3,3,8,1,2,4,1
DEV-188,2026-01-09,6.4,3.4,532,5,2,9,3,4,3,1
DEV-145,2026-03-19,6.6,4.2,704,4,4,7,5,6,6,0
DEV-148,2026-04-05,4.1,1.1,351,2,5,3,7,7,9,0
DEV-155,2026-03-27,5.9,2.8,405,6,3,8,3,2,3,1
DEV-128,2026-02-01,5.3,2.4,473,0,6,4,10,10,10,0
DEV-180,2026-03-27,5.8,2.0,543,6,1,8,5,5,4,1
DEV-188,2026-02-05,4.9,2.9,641,1,4,8,5,4,6,0
DEV-159,2026-04-20,5.8,4.9,972,5,6,7,5,6,4,0
DEV-167,2026-02-28,4.5,7.9,1002,4,14,6,5,7,4,0
DEV-135,2026-01-16,7.5,2.2,503,9,3,9,2,2,4,1
DEV-166,2026-02-27,4.9,6.9,1074,3,5,6,2,7,5,0
DEV-156,2026-04-01,3.0,3.5,691,2,8,5,5,7,8,0
DEV-188,2026-02-03,6.0,2.0,543,6,1,6,6,6,6,1
DEV-111,2026-04-26,4.7,7.9,1447,1,10,7,4,3,5,0
DEV-179,2026-03-29,6.7,2.7,417,5,1,8,4,4,7,1
DEV-161,2026-03-21,4.7,2.3,344,3,2,7,2,7,5,1
DEV-189,2026-03-19,4.3,2.8,596,5,2,8,2,4,4,1
DEV-172,2026-05-01,5.9,3.3,655,5,4,8,5,5,6,0
DEV-104,2026-04-05,4.3,2.8,497,6,1,8,5,5,4,1
DEV-150,2026-03-18,4.3,0.8,240,2,3,3,6,9,8,0
DEV-132,2026-01-16,6.8,4.2,586,7,2,8,4,4,7,1
DEV-185,2026-04-17,5.6,4.0,614,1,4,5,9,9,8,0
DEV-176,2026-03-08,4.7,7.9,877,4,2,8,2,5,3,1
DEV-181,2026-02-19,3.5,2.6,555,1,10,4,8,8,8,0
DEV-114,2026-04-23,3.4,5.8,835,0,4,6,3,3,6,0
DEV-121,2026-02-02,3.9,2.0,285,0,4,3,5,7,7,0
DEV-146,2026-03-20,3.9,1.0,288,3,2,5,10,10,8,0
DEV-117,2026-04-15,6.5,3.4,815,6,4,8,6,6,7,0
DEV-111,2026-02-02,7.8,2.8,727,8,4,9,1,4,3,1
DEV-169,2026-04-07,5.3,3.3,726,3,6,4,8,10,8,0
DEV-161,2026-02-22,6.0,4.7,812,6,6,7,3,5,5,0
DEV-129,2026-03-09,5.3,2.3,587,5,1,8,4,6,4,1
DEV-118,2026-03-05,3.9,0.5,171,0,2,4,6,10,7,0
DEV-149,2026-04-10,2.1,3.6,497,1,6,5,10,8,8,0
DEV-115,2026-03-09,5.0,2.4,437,2,3,7,2,2,3,1
DEV-148,2026-03-27,6.8,1.5,545,7,1,7,3,5,3,1
DEV-181,2026-03-18,5.7,1.6,381,7,1,8,3,4,3,1
DEV-112,2026-04-25,6.8,3.2,581,5,4,8,0,4,5,1
DEV-163,2026-01-13,8.0,2.7,691,6,4,8,0,5,2,1
DEV-181,2026-03-18,4.3,5.1,1018,1,2,7,2,4,4,1
DEV-111,2026-01-08,5.1,4.7,580,2,3,8,4,4,4,1
DEV-101,2026-03-23,3.4,6.9,1140,1,4,7,2,5,6,0
DEV-149,2026-02-23,5.3,1.6,408,5,2,9,1,3,5,1
DEV-104,2026-04-08,4.2,2.7,512,4,3,7,6,7,6,0
DEV-126,2026-04-17,6.9,4.4,904,4,4,6,2,4,7,0
DEV-196,2026-02-06,3.8,0.6,280,3,3,5,5,8,8,0
DEV-148,2026-03-14,3.5,7.6,849,4,3,8,3,3,3,1
DEV-169,2026-01-21,4.3,3.7,675,6,4,7,4,7,7,0
DEV-182,2026-04-13,4.3,1.0,278,3,2,4,10,7,8,0
DEV-175,2026-02-09,4.5,4.3,498,2,3,8,6,6,4,0
DEV-138,2026-02-28,5.2,3.2,672,5,4,7,0,2,4,1
DEV-153,2026-04-04,4.2,3.9,756,6,2,6,6,7,4,1
DEV-136,2026-04-05,3.4,5.7,786,5,2,6,2,5,5,1
DEV-106,2026-03-16,7.6,1.6,372,7,2,7,1,2,3,1
DEV-111,2026-04-30,5.7,3.2,778,3,4,8,0,3,2,1
DEV-139,2026-04-14,4.6,7.3,981,4,5,8,5,5,3,0
DEV-197,2026-03-18,4.4,6.0,1026,2,4,6,2,3,5,0
DEV-112,2026-04-17,4.7,6.8,1289,6,8,7,5,4,3,0
DEV-168,2026-03-31,5.8,3.5,609,2,1,8,0,3,5,1
DEV-170,2026-01-08,5.8,3.2,702,6,5,8,2,6,4,0
DEV-167,2026-02-14,4.3,4.5,783,3,5,6,3,4,5,0
DEV-181,2026-01-16,4.4,6.9,1267,4,8,7,4,4,5,0
DEV-133,2026-04-30,4.5,0.7,324,1,2,4,9,10,10,0
DEV-104,2026-01-07,5.1,2.5,580,1,8,4,8,7,7,0
DEV-153,2026-02-20,4.3,6.4,895,2,2,8,2,6,5,1
DEV-134,2026-04-21,4.2,7.5,1268,6,4,7,2,6,5,0
DEV-136,2026-03-26,4.6,2.2,424,4,7,3,7,10,9,0
DEV-135,2026-03-26,5.6,2.8,472,2,7,5,5,8,9,0
DEV-170,2026-02-19,5.9,4.8,1011,2,4,8,3,5,6,0
DEV-105,2026-03-27,7.8,2.4,516,6,2,9,1,5,2,1
DEV-157,2026-01-07,5.7,1.1,309,5,0,7,2,3,2,1
DEV-141,2026-01-28,4.4,1.0,232,0,4,4,6,7,10,0
DEV-105,2026-04-23,4.7,2.1,393,3,1,6,2,4,5,1
DEV-111,2026-04-05,7.9,2.6,683,7,4,7,0,2,4,1
DEV-119,2026-01-26,6.1,2.1,478,5,1,9,3,4,3,1
DEV-163,2026-03-10,4.5,7.3,1042,3,6,6,2,5,5,0
DEV-144,2026-03-28,3.4,7.1,1150,3,3,7,2,5,3,1
DEV-161,2026-04-12,6.3,1.1,362,8,2,7,2,2,4,1
DEV-189,2026-01-18,3.3,5.4,992,5,4,7,4,6,5,0
DEV-135,2026-04-03,3.5,7.1,1012,5,3,6,3,3,6,0
DEV-135,2026-04-01,5.2,1.8,498,3,3,5,9,9,9,0
DEV-181,2026-04-27,5.2,2.3,551,6,2,8,3,7,5,1
DEV-116,2026-04-21,7.0,3.4,813,6,3,8,0,5,3,1
DEV-172,2026-03-17,5.5,2.0,466,3,6,5,5,7,7,0
DEV-143,2026-03-17,2.7,2.2,350,0,3,3,7,7,8,0
DEV-180,2026-03-16,3.4,3.6,576,0,7,3,5,9,9,0
DEV-136,2026-02-22,4.1,2.2,529,3,2,8,5,7,5,1
DEV-142,2026-01-16,5.7,5.0,968,4,3,6,6,6,4,0
DEV-136,2026-02-18,7.7,1.7,662,7,2,8,0,5,2,1
DEV-168,2026-04-08,5.6,1.3,287,7,1,7,2,5,2,1
DEV-105,2026-03-11,5.2,1.2,392,5,2,8,0,5,4,1
DEV-173,2026-04-20,4.4,2.4,435,0,3,5,10,7,9,0
DEV-182,2026-02-11,6.5,1.8,591,7,3,7,0,3,3,1
DEV-169,2026-04-24,4.3,4.4,558,4,3,8,6,6,5,0
DEV-141,2026-04-20,4.2,6.3,1120,5,3,6,3,3,4,1
DEV-186,2026-02-20,6.5,2.4,704,5,4,8,0,5,5,1
DEV-106,2026-02-10,3.2,2.9,460,2,3,5,6,10,8,0
DEV-102,2026-04-19,4.5,1.7,364,2,4,5,10,10,9,0
DEV-150,2026-04-14,4.0,4.9,887,1,5,7,6,7,5,0
DEV-156,2026-02-19,5.1,2.2,498,5,3,8,0,2,5,1
DEV-139,2026-01-11,6.9,1.9,418,3,2,7,1,5,5,1
DEV-155,2026-03-01,6.0,5.0,633,6,3,8,5,5,7,0
DEV-192,2026-04-28,6.8,2.4,500,3,3,8,1,5,2,1
DEV-172,2026-04-22,3.6,5.2,622,4,1,7,3,5,3,1
DEV-158,2026-01-12,3.5,1.9,299,1,2,4,9,9,9,0
DEV-135,2026-01-27,4.7,2.7,359,0,5,3,10,10,7,0
DEV-113,2026-01-15,4.9,6.4,1195,1,9,8,5,7,3,0
DEV-189,2026-03-20,7.1,2.2,594,3,3,9,2,4,3,1
DEV-105,2026-04-06,3.4,2.6,384,0,2,5,8,7,7,0
DEV-177,2026-01-18,3.2,3.4,415,1,8,4,6,9,9,0
DEV-177,2026-02-28,4.1,4.6,699,6,2,6,2,6,4,1
DEV-159,2026-01-18,5.5,1.9,488,5,1,8,0,3,4,1
DEV-103,2026-03-16,3.5,2.8,532,2,9,4,5,9,9,0
DEV-182,2026-02-21,4.4,5.1,607,1,2,6,3,6,6,1
DEV-173,2026-04-05,3.7,3.6,557,0,2,5,7,10,7,0
DEV-144,2026-02-28,3.1,6.2,1037,4,4,6,2,4,4,0
DEV-187,2026-04-15,5.6,0.7,393,4,4,3,9,7,7,0
DEV-171,2026-01-27,5.8,1.7,425,3,1,7,2,4,4,1
DEV-133,2026-04-05,4.5,5.9,888,3,4,8,3,6,6,0
DEV-196,2026-04-22,4.4,3.1,661,2,5,4,6,7,7,0
DEV-182,2026-04-08,4.5,7.9,1239,1,8,6,2,5,5,0
DEV-150,2026-04-30,5.0,1.6,323,2,1,9,2,5,3,1
DEV-193,2026-03-31,7.5,3.2,615,6,2,7,3,3,2,1
DEV-112,2026-02-10,2.1,1.9,360,0,6,5,5,10,7,0
DEV-105,2026-02-09,5.2,3.4,597,3,4,7,2,4,4,1
DEV-197,2026-04-25,6.4,2.1,561,3,4,8,1,2,5,1
DEV-160,2026-03-12,5.7,1.7,373,6,2,9,1,3,2,1
DEV-162,2026-03-21,4.4,5.5,674,2,3,8,4,7,5,1
DEV-130,2026-01-19,6.1,4.8,912,4,3,8,3,4,7,0
DEV-181,2026-05-01,3.2,1.0,235,0,2,4,7,9,10,0
DEV-158,2026-02-08,4.5,3.3,426,2,4,4,7,9,9,0
DEV-144,2026-03-29,7.1,1.4,380,7,2,9,1,4,3,1
DEV-114,2026-01-25,3.2,5.9,788,1,2,7,5,7,4,1
DEV-145,2026-04-14,4.1,5.0,863,2,5,6,3,6,4,0
DEV-150,2026-03-31,3.9,5.9,706,3,3,8,5,6,4,1
DEV-155,2026-04-16,2.4,2.3,447,2,3,4,9,10,9,0
DEV-146,2026-02-24,5.5,3.3,589,7,3,7,5,6,7,0
DEV-130,2026-01-05,5.2,1.0,340,3,3,5,9,8,9,0
DEV-103,2026-02-09,4.7,2.5,577,5,3,7,5,4,4,0
DEV-117,2026-01-20,3.2,3.3,658,3,11,5,10,9,7,0
DEV-114,2026-02-08,3.3,6.6,867,5,4,7,5,3,4,0
DEV-184,2026-03-06,7.4,2.7,582,6,2,8,3,5,5,1
DEV-155,2026-04-29,4.5,4.3,824,2,6,7,5,5,5,0
DEV-170,2026-03-12,7.7,1.5,562,7,3,9,2,4,3,1
DEV-184,2026-01-21,4.4,2.2,568,1,1,6,3,6,7,1
DEV-158,2026-03-26,3.4,7.5,880,4,3,6,5,4,3,1
DEV-175,2026-04-26,4.2,0.7,293,4,5,4,6,7,10,0
DEV-158,2026-01-10,5.8,2.1,439,6,2,7,0,5,4,1
DEV-193,2026-03-30,3.9,7.9,1331,1,7,8,3,3,5,0
DEV-139,2026-04-16,3.6,7.5,1001,5,5,6,2,4,6,0
DEV-159,2026-02-17,4.3,1.0,275,3,4,5,9,8,9,0
DEV-187,2026-04-08,4.9,2.2,332,3,0,8,3,7,7,1
DEV-127,2026-03-07,7.0,2.2,603,3,4,8,1,2,5,1
DEV-168,2026-04-08,6.8,4.6,689,7,4,6,3,5,4,0
DEV-151,2026-01-30,5.8,3.4,750,3,2,8,5,4,7,0
DEV-119,2026-04-12,5.4,3.4,700,7,2,8,0,2,4,1
DEV-159,2026-01-26,4.3,5.5,642,6,2,7,4,7,6,1
DEV-140,2026-04-01,6.1,3.0,725,7,2,6,5,4,6,0
DEV-175,2026-01-29,5.1,1.8,446,6,2,9,1,2,2,1
DEV-163,2026-03-21,3.2,7.9,1003,5,5,7,5,7,6,0
DEV-182,2026-03-07,6.0,2.1,473,3,1,7,0,4,4,1
DEV-119,2026-01-10,7.9,2.9,636,4,4,9,1,4,4,1
DEV-166,2026-01-28,4.3,7.3,910,4,6,8,2,5,3,0
DEV-168,2026-04-07,7.7,1.9,561,6,1,8,0,4,5,1
DEV-107,2026-03-23,4.1,7.2,765,4,8,6,5,7,4,0
DEV-111,2026-04-30,7.1,2.0,639,8,2,7,0,5,2,1
DEV-126,2026-02-04,3.4,3.9,625,3,5,4,9,10,10,0
DEV-125,2026-04-04,6.7,3.7,584,3,1,6,3,6,6,1
DEV-161,2026-01-23,5.8,3.7,722,1,9,3,7,9,8,0
DEV-138,2026-03-03,3.0,5.8,584,0,3,6,4,6,5,0
DEV-136,2026-02-12,5.7,2.4,482,7,1,7,3,4,5,1
DEV-191,2026-03-14,5.8,2.3,557,6,1,9,2,3,3,1
DEV-188,2026-04-28,6.0,3.8,535,5,3,7,3,5,4,1
DEV-104,2026-02-25,4.1,5.3,975,5,2,6,2,5,4,1
DEV-119,2026-04-19,2.5,1.0,230,3,4,5,8,10,8,0
DEV-113,2026-01-13,5.8,1.8,366,4,3,3,7,9,10,0
DEV-118,2026-02-11,4.5,5.6,600,3,2,8,5,3,6,1
DEV-179,2026-01-30,7.0,2.2,433,4,0,8,1,2,2,1
DEV-114,2026-03-06,5.5,2.9,570,4,4,9,1,2,2,1
DEV-192,2026-01-29,6.2,1.4,380,3,1,7,3,4,5,1
DEV-197,2026-03-04,4.6,4.6,913,4,7,6,4,6,5,0
DEV-133,2026-01-21,3.4,6.6,1079,4,5,6,5,5,4,0
DEV-115,2026-03-06,3.5,7.3,932,0,2,8,2,6,3,1
DEV-155,2026-02-04,3.4,5.8,685,0,1,8,2,3,5,1
DEV-157,2026-04-07,4.4,7.1,804,1,2,7,2,4,6,1
DEV-187,2026-03-22,5.3,2.3,468,7,3,6,5,4,4,0
DEV-123,2026-03-15,4.2,5.6,680,2,5,7,3,4,6,0
DEV-100,2026-04-18,5.1,3.5,579,5,2,8,0,2,3,1
DEV-151,2026-01-24,2.2,2.6,458,0,2,5,9,7,9,0
DEV-135,2026-03-09,6.0,1.5,400,3,2,9,3,2,4,1
DEV-141,2026-03-28,6.8,2.5,543,4,2,7,0,2,3,1
DEV-135,2026-01-12,5.6,2.3,386,5,1,9,1,4,5,1
DEV-166,2026-05-01,5.3,4.9,1030,6,6,7,5,4,7,0
DEV-105,2026-03-19,5.6,2.5,458,6,2,7,3,2,4,1
DEV-133,2026-03-06,6.0,3.2,735,4,2,6,3,7,4,1
DEV-132,2026-01-28,5.3,3.5,649,4,4,7,0,5,4,1
DEV-146,2026-04-30,3.0,7.0,979,2,6,7,4,4,6,0
DEV-108,2026-02-26,3.6,5.6,614,3,2,7,4,7,6,1
DEV-145,2026-02-14,4.9,6.1,889,1,7,6,3,7,6,0
DEV-102,2026-02-23,5.8,1.0,454,2,3,4,9,7,7,0
DEV-104,2026-03-06,6.7,3.6,802,3,4,6,5,7,5,0
DEV-100,2026-01-01,4.7,5.2,982,6,7,8,4,5,3,0
DEV-112,2026-04-11,5.3,1.1,432,2,1,8,1,4,2,1
DEV-166,2026-04-19,7.9,2.1,517,6,1,8,1,4,3,1
DEV-122,2026-03-20,5.3,2.2,537,2,3,5,9,10,8,0
DEV-124,2026-01-20,5.6,3.2,670,6,2,8,3,5,7,1
DEV-113,2026-03-07,6.3,2.7,451,5,1,7,3,7,7,1
DEV-198,2026-04-07,3.9,2.0,421,0,2,4,10,7,9,0
DEV-168,2026-01-10,6.8,1.3,381,8,2,7,2,2,5,1
DEV-108,2026-02-06,3.6,6.7,695,5,7,6,2,7,5,0
DEV-199,2026-04-03,4.3,3.6,681,4,3,8,2,6,6,1
DEV-192,2026-01-27,7.2,2.1,614,7,4,9,1,5,2,1
DEV-116,2026-02-16,5.8,1.6,399,6,2,9,0,5,2,1
DEV-149,2026-03-03,4.8,6.5,1224,5,19,8,5,7,6,0
DEV-134,2026-02-25,7.4,1.7,646,8,3,8,3,3,4,1
DEV-123,2026-01-22,2.5,3.7,426,0,5,4,6,9,9,0
DEV-108,2026-04-05,5.6,1.2,417,3,2,7,2,5,2,1
DEV-157,2026-03-01,4.7,6.8,822,3,6,7,5,4,3,0
DEV-112,2026-04-29,5.7,0.5,224,5,1,4,7,7,10,0
DEV-124,2026-03-02,5.4,3.3,724,6,2,6,4,6,5,1
DEV-194,2026-03-19,6.7,2.4,574,5,1,7,3,7,6,1
DEV-168,2026-03-19,5.4,2.0,583,3,4,7,2,4,6,0
DEV-181,2026-04-19,4.6,5.7,756,1,3,6,4,3,5,0
DEV-190,2026-02-08,4.3,5.1,641,1,2,8,4,7,4,1
DEV-151,2026-02-24,3.8,6.9,1208,4,9,7,3,4,3,0
DEV-186,2026-04-23,4.3,7.0,1298,6,9,7,4,6,4,0
DEV-197,2026-01-09,5.8,4.3,634,3,2,6,5,5,4,1
DEV-133,2026-04-03,4.6,2.4,497,5,1,6,6,4,5,1
DEV-194,2026-01-21,2.7,3.1,617,0,7,4,10,7,7,0
DEV-191,2026-04-28,3.3,2.2,438,0,2,3,8,9,7,0
DEV-180,2026-04-12,2.9,2.6,520,2,6,4,8,9,10,0
DEV-192,2026-03-18,4.7,2.4,556,5,3,7,6,6,7,0
DEV-115,2026-03-03,3.8,2.2,377,2,3,3,6,7,7,0
DEV-134,2026-04-10,3.0,2.1,440,0,2,5,8,7,8,0
DEV-176,2026-02-15,7.2,2.2,420,4,2,9,3,5,2,1
DEV-132,2026-01-07,5.7,3.2,434,2,0,8,5,7,6,1
DEV-150,2026-02-05,4.5,4.2,576,4,3,7,6,4,4,0
DEV-196,2026-03-09,4.1,5.5,987,3,3,6,4,3,5,0
DEV-183,2026-04-22,4.4,7.1,880,2,2,7,4,6,4,1
DEV-101,2026-03-11,5.0,6.8,1117,6,3,8,3,4,4,1
DEV-165,2026-03-12,3.9,3.2,410,0,6,5,10,9,8,0
DEV-177,2026-03-19,4.9,6.4,1133,6,8,7,3,4,5,0
DEV-195,2026-01-18,4.5,6.5,1058,5,4,6,3,4,3,0
DEV-189,2026-01-07,4.6,7.2,960,3,3,7,5,6,3,1
DEV-141,2026-01-03,4.4,0.9,266,2,2,5,5,10,7,0
DEV-144,2026-02-18,4.1,3.8,795,4,12,4,7,8,8,0
DEV-194,2026-01-22,4.1,5.4,592,1,2,6,2,6,3,1
DEV-196,2026-01-09,4.5,5.4,913,3,6,6,4,3,6,0
DEV-176,2026-02-03,3.5,1.5,263,2,4,4,5,7,9,0
DEV-173,2026-01-01,2.5,1.8,249,1,2,5,9,7,8,0
DEV-101,2026-04-02,7.1,1.2,543,7,3,9,0,4,4,1
DEV-126,2026-03-06,5.9,2.4,651,7,2,7,0,3,3,1
DEV-112,2026-02-03,5.1,2.7,444,7,1,9,0,3,5,1
DEV-108,2026-02-20,5.1,2.0,403,6,0,9,3,5,3,1
